{
     "eval_loss": 0.40920698642730713,
     "eval_accuracy": 0.8884711779448622,
     "eval_precision": 0.8897173651502638,
     "eval_recall": 0.8884711779448622,
     "eval_f1": 0.8872479767664155,
     "eval_runtime": 14.4207,
     "eval_samples_per_second": 55.337,
     "eval_steps_per_second": 6.934,
     "epoch": 3.0
}